trees,val_MAE_mean,val_MAE_sd,model
5,51399.242388931336,241.1379305302776,lightgbm
10,47985.5057425043,251.45326494473326,lightgbm
15,45072.03717621947,279.3105517972812,lightgbm
20,42968.44857162013,341.9270022732035,lightgbm
25,41529.76028505008,509.4412580287805,lightgbm
30,40706.71701791388,771.481408785584,lightgbm
35,39596.33174639034,843.5768502253892,lightgbm
40,38756.150607988726,892.2007842036677,lightgbm
45,38349.11289028515,896.922705653936,lightgbm
50,38087.96629857126,894.7076048747898,lightgbm
55,37966.608865550086,914.7089276821006,lightgbm
60,37924.330723131374,873.7617292272828,lightgbm
65,37921.75693375393,896.5945611564805,lightgbm
70,37881.297728531215,859.7024697882085,lightgbm
75,37896.947779536684,858.788315677535,lightgbm
80,37955.64855793934,854.60107739195,lightgbm
85,37954.52740084263,805.5515354130099,lightgbm
90,37886.47402197829,782.574463617727,lightgbm
95,37976.470185483384,648.6356826421253,lightgbm
100,38038.03580118975,619.4738321846189,lightgbm
105,38007.82629184221,576.3376418980622,lightgbm
110,38139.52023606342,579.7985877765876,lightgbm
115,38203.31425960965,635.4468593066779,lightgbm
120,38224.43154971059,614.8430713223889,lightgbm
125,38247.04609634164,597.1708474167186,lightgbm
130,38301.717668416226,601.7640157243371,lightgbm
135,38309.93504928992,593.9969206726612,lightgbm
140,38301.61828505763,598.3752903957587,lightgbm
145,38378.1955388842,648.8227551875269,lightgbm
150,38380.24492655843,658.3734757341308,lightgbm
